{
    "data": [
        {
            "title": "categorization",
            "link": "/machine-learning/categorization",
            "sublist": []
        },
        {
            "title": "sampling and resampling",
            "link": "/machine-learning/ml-sampling-resampling",
            "sublist": [
                {
                    "title": "sampling",
                    "hashlink": "/machine-learning/ml-sampling-resampling#sampling",
                    "sublist": [
                        {
                            "title": "uniform",
                            "hashlink": "/machine-learning/ml-sampling-resampling#sampling",
                            "sublist": []
                        },
                        {
                            "title": "reservoir",
                            "hashlink": "/machine-learning/ml-sampling-resampling#sampling",
                            "sublist": []
                        },
                        {
                            "title": "stratified",
                            "hashlink": "/machine-learning/ml-sampling-resampling#sampling",
                            "sublist": []
                        }
                    ]
                },
                {
                    "title": "resampling",
                    "hashlink": "/machine-learning/ml-sampling-resampling#resampling",
                    "sublist": [
                        {
                            "title": "cross validation",
                            "hashlink": "/machine-learning/ml-sampling-resampling#resampling",
                            "sublist": []
                        },
                        {
                            "title": "bootstrapping",
                            "hashlink": "/machine-learning/ml-sampling-resampling#resampling",
                            "sublist": []
                        }
                    ]
                },
                {
                    "title": "under / over-sampling",
                    "hashlink": "/machine-learning/ml-sampling-resampling#under-oversampling",
                    "sublist": [
                        {
                            "title": "undersampling",
                            "hashlink": "/machine-learning/ml-sampling-resampling#under-oversampling",
                            "sublist": []
                        },
                        {
                            "title": "oversampling",
                            "hashlink": "/machine-learning/ml-sampling-resampling#under-oversampling",
                            "sublist": []
                        },
                        {
                            "title": "hybrid",
                            "hashlink": "/machine-learning/ml-sampling-resampling#under-oversampling",
                            "sublist": []
                        }
                    ]
                }
            ]
        },
        {
            "title": "bias / variance",
            "link": "/machine-learning/bias-variance",
            "sublist": []
        },
        {
            "title": "supervised learning",
            "sublist": [
                {
                    "title": "linear algorithms",
                    "link": "/machine-learning/linear-algorithms",
                    "sublist": [
                        {
                            "title": "linear regression",
                            "hashlink": "/machine-learning/linear-algorithms#linear-regression",
                            "sublist": []
                        },
                        {
                            "title": "regularization",
                            "hashlink": "/machine-learning/linear-algorithms#regularization",
                            "sublist": []
                        },
                        {
                            "title": "logistic regression",
                            "hashlink": "/machine-learning/linear-algorithms#logistic-regression",
                            "sublist": []
                        },
                        {
                            "title": "support vector machines",
                            "hashlink": "/machine-learning/linear-algorithms#support-vector-machines",
                            "sublist": []
                        },
                        {
                            "title": "linear discriminant analysis",
                            "hashlink": "/machine-learning/linear-algorithms#linear-discriminant-analysis",
                            "sublist": []
                        }
                    ]
                },
                {
                    "title": "decision tree",
                    "link": "/machine-learning/decision-tree",
                    "sublist": []
                },
                {
                    "title": "ensemble",
                    "link": "/machine-learning/ensemble",
                    "sublist": [
                        {
                            "title": "categories",
                            "hashlink": "/machine-learning/ensemble#category",
                            "sublist": []
                        },
                        {
                            "title": "random forest",
                            "hashlink": "/machine-learning/ensemble#random-forest",
                            "sublist": []
                        },
                        {
                            "title": "AdaBoost",
                            "hashlink": "/machine-learning/ensemble#adaboost",
                            "sublist": []
                        },
                        {
                            "title": "GBM",
                            "hashlink": "/machine-learning/ensemble#gbm",
                            "sublist": []
                        },
                        {
                            "title": "XGBoost",
                            "hashlink": "/machine-learning/ensemble#xgboost",
                            "sublist": []
                        }
                    ]
                },
                {
                    "title": "distance based algorithms",
                    "link": "/machine-learning/distance-based",
                    "sublist": [
                        {
                            "title": "metrics",
                            "link": "/machine-learning/distance-based",
                            "sublist": []
                        },
                        {
                            "title": "K-Nearest Neighbours",
                            "hashlink": "/machine-learning/distance-based#knn",
                            "sublist": []
                        }
                    ]
                },
                {
                    "title": "optimization",
                    "link": "/machine-learning/optimization",
                    "sublist": [
                        {
                            "title": "ERM Paradigm",
                            "hashlink": "/machine-learning/optimization#erm",
                            "sublist": []
                        },
                        {
                            "title": "batch gradient descent",
                            "hashlink": "/machine-learning/optimization#gd",
                            "sublist": []
                        },
                        {
                            "title": "stochastic gradient descent",
                            "hashlink": "/machine-learning/optimization#sgd",
                            "sublist": []
                        },
                        {
                            "title": "minibatch gradient descent",
                            "hashlink": "/machine-learning/optimization#mini",
                            "sublist": []
                        },
                        {
                            "title": "momentum",
                            "hashlink": "/machine-learning/optimization#momentum",
                            "sublist": []
                        },
                        {
                            "title": "nesterov momentum",
                            "hashlink": "/machine-learning/optimization#nesterov-momentum",
                            "sublist": []
                        },
                        {
                            "title": "adagrad",
                            "hashlink": "/machine-learning/optimization#adagrad",
                            "sublist": []
                        },
                        {
                            "title": "RMSProp",
                            "hashlink": "/machine-learning/optimization#RMSProp",
                            "sublist": []
                        },
                        {
                            "title": "adam",
                            "hashlink": "/machine-learning/optimization#adam",
                            "sublist": []
                        }
                    ]
                },
                {
                    "title": "loss functions",
                    "link": "/machine-learning/loss-functions",
                    "sublist": [
                        {
                            "title": "cross entropy",
                            "hashlink": "/machine-learning/loss-functions#classification",
                            "sublist": []
                        },
                        {
                            "title": "hinge loss",
                            "hashlink": "/machine-learning/loss-functions#classification",
                            "sublist": []
                        },
                        {
                            "title": "MAE",
                            "hashlink": "/machine-learning/loss-functions#regression",
                            "sublist": []
                        },
                        {
                            "title": "MSE",
                            "hashlink": "/machine-learning/loss-functions#regression",
                            "sublist": []
                        }
                    ]
                },
                {
                    "title": "model evaluation",
                    "link": "/machine-learning/metrics",
                    "sublist": [
                        {
                            "title": "classification",
                            "link": "/machine-learning/metrics",
                            "sublist": []
                        },
                        {
                            "title": "regression",
                            "hashlink": "/machine-learning/metrics#regression",
                            "sublist": []
                        }
                    ]
                }
            ]
        },
        {
            "title": "unsupervised learning",
            "sublist": [
                {
                    "title": "clustering",
                    "link": "/machine-learning/clustering",
                    "sublist": [
                        {
                            "title": "K-Means",
                            "hashlink": "/machine-learning/clustering#kmeans",
                            "sublist": []
                        },
                        {
                            "title": "hierarchical clustering",
                            "hashlink": "/machine-learning/clustering#hierarchical",
                            "sublist": []
                        },
                        {
                            "title": "DBSCAN",
                            "hashlink": "/machine-learning/clustering#dbscan",
                            "sublist": []
                        },
                        {
                            "title": "clustering validity",
                            "hashlink": "/machine-learning/clustering#validity",
                            "sublist": []
                        }
                    ]
                },
                {
                    "title": "dimesionality reduction",
                    "link": "/machine-learning/dimensionality-reduction",
                    "sublist": [
                        {
                            "title": "PCA",
                            "hashlink": "/machine-learning/dimensionality-reduction#pca",
                            "sublist": []
                        },
                        {
                            "title": "ICA",
                            "hashlink": "/machine-learning/dimensionality-reduction#ica",
                            "sublist": []
                        },
                        {
                            "title": "LDA",
                            "hashlink": "/machine-learning/dimensionality-reduction#lda",
                            "sublist": []
                        },
                        {
                            "title": "tSNE",
                            "hashlink": "/machine-learning/dimensionality-reduction#tsne",
                            "sublist": []
                        }
                    ]
                }
            ]
        },
        {
            "title": "hyperparameters tuning",
            "link": "/machine-learning/tuning",
            "sublist": [
                {
                    "title": "grid search",
                    "link": "/machine-learning/tuning",
                    "sublist": []
                },
                {
                    "title": "random search",
                    "link": "/machine-learning/tuning",
                    "sublist": []
                },
                {
                    "title": "Coarse-to-Fine search",
                    "link": "/machine-learning/tuning",
                    "sublist": []
                },
                {
                    "title": "sensitivity",
                    "hashlink": "/machine-learning/tuning#sensitivity",
                    "sublist": []
                }
            ]
        }
    ]
}