{
    "data": [
        {
            "title": "Introduction",
            "link": "/projective-geometry/introduction",
            "sublist": [
                {
                    "title": "Organization",
                    "hashlink": "/projective-geometry/introduction#organization",
                    "sublist": []
                },
                {
                    "title": "Introduction",
                    "hashlink": "/projective-geometry/introduction#introduction",
                    "sublist": []
                }
            ]
        },
        {
            "title": "Image Formation",
            "link": "/projective-geometry/image-formation",
            "sublist": [
                {
                    "title": "Primitives and transformations",
                    "hashlink": "/projective-geometry/image-formation#2dprimitive",
                    "sublist": [
                        {
                            "title": "2D primitives",
                            "hashlink": "/projective-geometry/image-formation#2dprimitive",
                            "sublist": []
                        },
                        {
                            "title": "3D primitives",
                            "hashlink": "/projective-geometry/image-formation#3dprimitive",
                            "sublist": []
                        },
                        {
                            "title": "2D transformations",
                            "hashlink": "/projective-geometry/image-formation#2dtransform",
                            "sublist": []
                        }
                    ]
                },
                {
                    "title": "Geometric image formation",
                    "hashlink": "/projective-geometry/image-formation#pinhole",
                    "sublist": [
                        {
                            "title": "Pinhole camera",
                            "hashlink": "/projective-geometry/image-formation#pinhole",
                            "sublist": []
                        },
                        {
                            "title": "Projection models",
                            "hashlink": "/projective-geometry/image-formation#projection",
                            "sublist": [
                                {
                                    "title": "Orthographic projection",
                                    "hashlink": "/projective-geometry/image-formation#perspective#orthographic",
                                    "sublist": []
                                },
                                {
                                    "title": "Perspective projection",
                                    "hashlink": "/projective-geometry/image-formation#perspective",
                                    "sublist": []
                                }
                            ]
                        },
                        {
                            "title": "Changing transformation",
                            "hashlink": "/projective-geometry/image-formation#changing-transformation",
                            "sublist": []
                        },
                        {
                            "title": "Lens distortion",
                            "hashlink": "/projective-geometry/image-formation#distortion",
                            "sublist": []
                        }
                    ]
                },
                {
                    "title": "Photometric image formation",
                    "hashlink": "/projective-geometry/image-formation#rendering",
                    "sublist": [
                        {
                            "title": "Rendering",
                            "hashlink": "/projective-geometry/image-formation#rendering",
                            "sublist": []
                        },
                        {
                            "title": "Optics",
                            "hashlink": "/projective-geometry/image-formation#optics",
                            "sublist": []
                        },
                        {
                            "title": "Thin lens model",
                            "hashlink": "/projective-geometry/image-formation#thin-lens",
                            "sublist": []
                        },
                        {
                            "title": "Depth of field",
                            "hashlink": "/projective-geometry/image-formation#dof",
                            "sublist": []
                        },
                        {
                            "title": "Aberration & vignetting",
                            "hashlink": "/projective-geometry/image-formation#aberration-vignetting",
                            "sublist": []
                        }
                    ]
                },
                {
                    "title": "Image sensing",
                    "hashlink": "/projective-geometry/image-formation#image-sensing",
                    "sublist": []
                }
            ]
        },
        {
            "title": "Structure from Motion",
            "link": "/projective-geometry/structure-from-motion",
            "sublist": [
                {
                    "title": "Preliminaries",
                    "hashlink": "/projective-geometry/structure-from-motion#preliminaries",
                    "sublist": []
                },
                {
                    "title": "Two Frame Structure from Motion",
                    "hashlink": "/projective-geometry/structure-from-motion#epipolar-geometry",
                    "sublist": [
                        {
                            "title": "Epipolar Geometry",
                            "hashlink": "/projective-geometry/structure-from-motion#epipolar-geometry",
                            "sublist": []
                        },
                        {
                            "title": "Math behind EG",
                            "hashlink": "/projective-geometry/structure-from-motion#epipolar-geometry-math",
                            "sublist": []
                        },
                        {
                            "title": "Triangularization",
                            "hashlink": "/projective-geometry/structure-from-motions#triangularization",
                            "sublist": []
                        }
                    ]
                },
                {
                    "title": "Factorization",
                    "hashlink": "/projective-geometry/structure-from-motion#factorization",
                    "sublist": []
                },
                {
                    "title": "Bundle Adjustment",
                    "hashlink": "/projective-geometry/structure-from-motion#bundle-adjustment",
                    "sublist": [
                        {
                            "title": "Incremental SfM",
                            "hashlink": "/projective-geometry/structure-from-motion#incremental-sfm",
                            "sublist": []
                        }
                    ]
                }
            ]
        },
        {
            "title": "Stereo Reconstruction",
            "link": "/projective-geometry/stereo-reconstruction",
            "sublist": [
                {
                    "title": "Preliminaries",
                    "hashlink": "/projective-geometry/stereo-reconstruction#stereo-matching",
                    "sublist": [
                        {
                            "title": "Stereo Matching",
                            "hashlink": "/projective-geometry/stereo-reconstruction#stereo-matching",
                            "sublist": []
                        },
                        {
                            "title": "Epipolar Geometry",
                            "hashlink": "/projective-geometry/stereo-reconstruction#epipolar-geometry",
                            "sublist": []
                        },
                        {
                            "title": "Image Rectification",
                            "hashlink": "/projective-geometry/stereo-reconstruction#rectification",
                            "sublist": []
                        },
                        {
                            "title": "Disparity",
                            "hashlink": "/projective-geometry/stereo-reconstruction#disparity",
                            "sublist": []
                        },
                        {
                            "title": "XGBoost",
                            "hashlink": "/projective-geometry/stereo-reconstruction#xgboost",
                            "sublist": []
                        }
                    ]
                },
                {
                    "title": "Block Matching",
                    "hashlink": "/projective-geometry/stereo-reconstruction#correspondence-ambiguity",
                    "sublist": [
                        {
                            "title": "Correspondence Ambiguity",
                            "hashlink": "/projective-geometry/stereo-reconstruction#correspondence-ambiguity",
                            "sublist": []
                        },
                        {
                            "title": "Block Matching",
                            "hashlink": "/projective-geometry/stereo-reconstruction#correspondence-ambiguity",
                            "sublist": []
                        }
                    ]
                }
            ]
        }
    ]
}